mu_next,sigma2_next
11.957625383248924,0.05327522478606456
